Durand;Marie;28;Paris
Martin;Luc;34;Lyon
Bernard;Claire;45;Marseille
Lefevre;Julien;23;Toulouse
Moreau;Sophie;37;Nice
Girard;Antoine;52;Nantes
Roux;Emilie;29;Strasbourg
Petit;Hugo;41;Montpellier
Richard;Camille;33;Bordeaux
Dubois;Alice;26;Lille
Lemoine;Thomas;30;Rennes
Blanc;Juliette;44;Grenoble
Marchand;Paul;39;Reims
Fontaine;Emma;27;Le Havre
Lambert;Pierre;50;Saint-Étienne
Garnier;Laura;32;Toulon
Faure;Nicolas;46;Angers
Renaud;Isabelle;31;Villeurbanne
Chevalier;Alexandre;36;Dijon
Barbier;Julie;25;Nîmes
Moulin;Mathieu;42;Aix-en-Provence
Gauthier;Charlotte;28;Brest
Perrin;Vincent;47;Le Mans
Dupont;Amandine;34;Amiens
Morin;Romain;38;Tours
Joly;Lucie;29;Limoges
Riviere;Hélène;53;Clermont-Ferrand
Clément;Guillaume;26;Perpignan
Simon;Sébastien;43;Besançon
Michel;Chloé;33;Orléans
Boyer;Adrien;35;Metz
Marty;Manon;40;Mulhouse
Aubry;Benoît;51;Rouen
Legrand;Cécile;48;Caen
Renard;Léa;24;Nancy
Roussel;Christophe;37;Saint-Denis
Blanchard;Valérie;54;Argenteuil
Masson;Laurent;31;Montreuil
Carpentier;Elodie;27;Roubaix
Lesage;Patrick;45;Dunkerque
Rousset;Sabrina;41;Poitiers
Nicolas;Fabrice;49;Versailles
Boucher;Sandrine;36;Colmar
Bertin;Cédric;30;Avignon
Gaillard;Marion;38;Boulogne-Billancourt
Vidal;Thierry;43;La Rochelle
Paris;Caroline;28;Annecy
Olivier;Damien;32;Valence
Bertrand;Aurore;50;Pau
Durand;Marie;28;Paris
Martin;Luc;34;Lyon
Bernard;Claire;45;Marseille
Lefevre;Julien;23;Toulouse
Moreau;Sophie;37;Nice
Girard;Antoine;52;Nantes
Roux;Emilie;29;Strasbourg
Petit;Hugo;41;Montpellier
Richard;Camille;33;Bordeaux
Dubois;Alice;26;Lille
Lemoine;Thomas;30;Rennes
Blanc;Juliette;44;Grenoble
Marchand;Paul;39;Reims
Fontaine;Emma;27;Le Havre
Lambert;Pierre;50;Saint-Étienne
Garnier;Laura;32;Toulon
Faure;Nicolas;46;Angers
Renaud;Isabelle;31;Villeurbanne
Chevalier;Alexandre;36;Dijon
Barbier;Julie;25;Nîmes
Moulin;Mathieu;42;Aix-en-Provence
Gauthier;Charlotte;28;Brest
Perrin;Vincent;47;Le Mans
Dupont;Amandine;34;Amiens
Morin;Romain;38;Tours
Joly;Lucie;29;Limoges
Riviere;Hélène;53;Clermont-Ferrand
Clément;Guillaume;26;Perpignan
Simon;Sébastien;43;Besançon
Michel;Chloé;33;Orléans
Boyer;Adrien;35;Metz
Marty;Manon;40;Mulhouse
Aubry;Benoît;51;Rouen
Legrand;Cécile;48;Caen
Renard;Léa;24;Nancy
Roussel;Christophe;37;Saint-Denis
Blanchard;Valérie;54;Argenteuil
Masson;Laurent;31;Montreuil
Carpentier;Elodie;27;Roubaix
Lesage;Patrick;45;Dunkerque
Rousset;Sabrina;41;Poitiers
Nicolas;Fabrice;49;Versailles
Boucher;Sandrine;36;Colmar
Bertin;Cédric;30;Avignon
Gaillard;Marion;38;Boulogne-Billancourt
Vidal;Thierry;43;La Rochelle
Paris;Caroline;28;Annecy
Olivier;Damien;32;Valence
Bertrand;Aurore;50;Pau